-- 种子数据：分类 / 商业软件 / 开源工具 / 映射关系
SET NAMES utf8mb4;
SET FOREIGN_KEY_CHECKS = 0;
TRUNCATE TABLE alternative_tool;
TRUNCATE TABLE tools;
TRUNCATE TABLE alternatives;
TRUNCATE TABLE categories;
SET FOREIGN_KEY_CHECKS = 1;

-- ============ 分类 ============
INSERT INTO categories (id, name, slug, description, icon) VALUES
(1,'笔记与知识库','note-taking','笔记、文档与个人知识管理','notebook'),
(2,'设计与原型','design','UI/UX 设计、矢量与图像编辑','palette'),
(3,'代码编辑器与 IDE','ide','集成开发环境与代码编辑器','code'),
(4,'即时通讯','communication','团队聊天与会议','message'),
(5,'云存储与同步','cloud-storage','文件同步与网盘','cloud'),
(6,'项目管理','project-management','任务、看板与协作','kanban'),
(7,'网站分析','analytics','流量与产品分析','chart'),
(8,'数据库工具','database','数据库管理与查询','database'),
(9,'浏览器','browser','网页浏览器','globe'),
(10,'密码管理','password-manager','密码与凭证管理','lock'),
(11,'录屏与截图','screen-recording','屏幕录制与截图','video'),
(12,'自动化','automation','工作流与集成自动化','workflow'),
(13,'音频编辑','audio','音频录制与编辑','music'),
(14,'视频编辑','video','视频剪辑与后期','film'),
(15,'办公套件','office','文档、表格与演示','file');

-- ============ 开源工具 ============
INSERT INTO tools (id, name, slug, description, website, repo_url, stars, forks, license, language, color, featured) VALUES
(1,'AppFlowy','appflowy','AI 协作工作空间，数据自主可控的 Notion 替代品','https://appflowy.io','https://github.com/AppFlowy-IO/AppFlowy',52000,3500,'AGPL-3.0','Rust','#b070ff',1),
(2,'Logseq','logseq','隐私优先、基于本地文件的知识管理与大纲笔记','https://logseq.com','https://github.com/logseq/logseq',32000,1900,'AGPL-3.0','Clojure','#85bffi',0),
(3,'Anytype','anytype','本地优先、加密的个人与团队工作空间','https://anytype.io','https://github.com/anyproto/anytype-ts',4500,300,'Any Source Available License','TypeScript','#cf6cff',0),
(4,'Outline','outline','为团队打造的快速、协作式知识库 Wiki','https://www.getoutline.com','https://github.com/outline/outline',27000,2100,'BSD-3-Clause','TypeScript','#15171a',0),
(5,'Joplin','joplin','支持端到端加密的笔记与待办应用，跨平台同步','https://joplinapp.org','https://github.com/laurent22/joplin',44000,4700,'AGPL-3.0','TypeScript','#0064d6',0),
(6,'Standard Notes','standard-notes','端到端加密、注重隐私的长期笔记应用','https://standardnotes.com','https://github.com/standardnotes/app',4200,350,'AGPL-3.0','TypeScript','#3366cc',0),
(7,'Trilium Notes','trilium','构建个人知识库的层级化笔记应用','https://github.com/zadam/trilium','https://github.com/zadam/trilium',26000,1700,'AGPL-3.0','JavaScript','#1c1c1c',0),
(8,'Penpot','penpot','面向跨职能团队的开源设计与原型协作平台','https://penpot.app','https://github.com/penpot/penpot',32000,1600,'MPL-2.0','Clojure','#5000ff',1),
(9,'GIMP','gimp','功能强大的跨平台图像编辑器，图像处理瑞士军刀','https://www.gimp.org','https://github.com/GNOME/GIMP',4800,800,'GPL-3.0','C','#5c5543',0),
(10,'Krita','krita','专业免费的数字绘画与插画软件','https://krita.org','https://github.com/KDE/krita',7000,900,'GPL-3.0','C++','#3babff',0),
(11,'Pinta','pinta','轻量好用的绘图与图像编辑程序','https://pinta-project.com','https://github.com/PintaProject/Pinta',1700,230,'MIT','C#','#6a8cff',0),
(12,'Inkscape','inkscape','专业的矢量图形编辑器，Illustrator 的开源替代','https://inkscape.org','https://gitlab.com/inkscape/inkscape',0,0,'GPL-3.0','C++','#000000',0),
(13,'VSCodium','vscodium','去除遥测与品牌、完全开源的 VS Code 构建','https://vscodium.com','https://github.com/VSCodium/vscodium',24000,800,'MIT','TypeScript','#007acc',1),
(14,'Lapce','lapce','用 Rust 编写的闪电般快速的轻量代码编辑器','https://lapce.dev','https://github.com/lapce/lapce',34000,1000,'Apache-2.0','Rust','#ff8f1c',0),
(15,'Eclipse IDE','eclipse-ide','老牌且成熟的可扩展集成开发环境','https://www.eclipse.org','https://github.com/eclipse/eclipse.platform.ui',1300,700,'EPL-2.0','Java','#7c4dff',0),
(16,'Apache NetBeans','netbeans','官方支持的 Java 与多语言集成开发环境','https://netbeans.apache.org','https://github.com/apache/netbeans',2500,900,'Apache-2.0','Java','#1e6fbf',0),
(17,'Pulsar','pulsar','由社区接手的 Atom 编辑器现代分支','https://pulsar-edit.dev','https://github.com/pulsar-edit/pulsar',800,140,'MIT','JavaScript','#66595c',0),
(18,'Mattermost','mattermost','面向开发者、可自部署的团队消息平台','https://mattermost.com','https://github.com/mattermost/mattermost',29000,7000,'AGPL-3.0','Go','#0058cc',1),
(19,'Rocket.Chat','rocket-chat','可定制的开源团队沟通与客服平台','https://rocket.chat','https://github.com/RocketChat/Rocket.Chat',39000,10000,'MIT','TypeScript','#f5455c',0),
(20,'Zulip','zulip','话题式（线程化）高效团队聊天工具','https://zulip.com','https://github.com/zulip/zulip',21000,7600,'Apache-2.0','Python','#52c2af',0),
(21,'Element','element','基于 Matrix 协议的去中心化加密通讯客户端','https://element.io','https://github.com/element-hq/element-web',11000,1900,'AGPL-3.0','TypeScript','#0dbd8b',0),
(22,'Revolt','revolt','注重隐私、可自部署的 Discord 替代品','https://revolt.chat','https://github.com/revoltchat/revolt',6000,400,'AGPL-3.0','Rust','#ff4655',0),
(23,'Jitsi Meet','jitsi-meet','安全、可扩展、完全开源的视频会议方案','https://jitsi.org','https://github.com/jitsi/jitsi-meet',22000,6600,'Apache-2.0','JavaScript','#9499ff',1),
(24,'BigBlueButton','bigbluebutton','为在线教学优化的开源网络会议系统','https://bigbluebutton.org','https://github.com/bigbluebutton/bigbluebutton',11000,6000,'LGPL-3.0','JavaScript','#283274',0),
(25,'Jami','jami','点对点、无需服务器的加密通话与消息应用','https://jami.net','https://git.jami.net/savoirfairelinux/jami-project',0,0,'GPL-3.0','C++','#e62425',0),
(26,'Nextcloud','nextcloud','功能完整的自托管内容协作与云存储平台','https://nextcloud.com','https://github.com/nextcloud/server',26000,3900,'AGPL-3.0','PHP','#0082c9',1),
(27,'ownCloud','owncloud','成熟可靠的自托管文件同步与分享平台','https://owncloud.com','https://github.com/owncloud/core',8000,1800,'AGPL-3.0','PHP','#041e42',0),
(28,'Seafile','seafile','高性能、支持加密的文件同步与共享','https://www.seafile.com','https://github.com/haiwen/seafile',11000,1400,'GPL-2.0','C','#ff9900',0),
(29,'Syncthing','syncthing','去中心化的连续文件同步，无需云服务器','https://syncthing.net','https://github.com/syncthing/syncthing',60000,4000,'MPL-2.0','Go','#0891d6',0),
(30,'Focalboard','focalboard','开源的项目管理与 Trello/Monday 替代品','https://www.focalboard.com','https://github.com/mattermost/focalboard',21000,1900,'AGPL-3.0','Go','#ff0066',0),
(31,'Wekan','wekan','经典开源看板，Trello 的直接替代','https://wekan.github.io','https://github.com/wekan/wekan',19000,2800,'MIT','JavaScript','#2e6cd6',0),
(32,'Kanboard','kanboard','极简专注的开源看板项目管理软件','https://kanboard.org','https://github.com/kanboard/kanboard',8000,1600,'MIT','PHP','#007fbf',0),
(33,'OpenProject','openproject','功能丰富的开源项目协作与路线图平台','https://www.openproject.org','https://github.com/opf/openproject',9000,2300,'GPL-3.0','Ruby','#0770b3',1),
(34,'Taiga','taiga','为敏捷团队设计的开源项目管理平台','https://taiga.io','https://github.com/taigaio/taiga-back',7000,1100,'MPL-2.0','Python','#bf1827',0),
(35,'Plane','plane','开源的 Jira 替代品，追踪 issue、冲刺与周期','https://plane.so','https://github.com/makeplane/plane',27000,1500,'AGPL-3.0','Python','#8b5cf6',0),
(36,'Leantime','leantime','面向非项目经理的友好型项目协作系统','https://leantime.io','https://github.com/Leantime/leantime',3500,500,'GPL-2.0','PHP','#009688',0),
(37,'Plausible','plausible','轻量、隐私友好、无需 Cookie 的网站分析','https://plausible.io','https://github.com/plausible/analytics',19000,1000,'AGPL-3.0','Elixir','#5850ec',1),
(38,'Matomo','matomo','功能强大的 Google Analytics 开源替代','https://matomo.org','https://github.com/matomo-org/matomo',19000,2600,'GPL-3.0','PHP','#3152a5',0),
(39,'Umami','umami','简单、快速、隐私优先的网站分析工具','https://umami.is','https://github.com/umami-software/umami',21000,4000,'MIT','TypeScript','#000000',0),
(40,'PostHog','posthog','一体化的产品分析与用户行为平台','https://posthog.com','https://github.com/PostHog/posthog',20000,1200,'MIT','Python','#1d4aff',1),
(41,'DBeaver','dbeaver','支持多种数据库的通用数据库客户端','https://dbeaver.io','https://github.com/dbeaver/dbeaver',38000,3300,'Apache-2.0','Java','#592ec0',0),
(42,'Beekeeper Studio','beekeeper-studio','易用、美观的跨平台 SQL 编辑器与数据库管理器','https://www.beekeeperstudio.io','https://github.com/beekeeper-studio/beekeeper-studio',16000,1000,'MIT','TypeScript','#f5b73d',0),
(43,'Chromium','chromium','Chrome 背后的开源浏览器内核与项目','https://www.chromium.org','https://chromium.googlesource.com/chromium/src',0,0,'BSD-3-Clause','C++','#4587f3',0),
(44,'Firefox','firefox','Mozilla 出品、注重隐私的开源浏览器','https://www.mozilla.org/firefox','https://hg.mozilla.org/mozilla-central',0,0,'MPL-2.0','C++','#ff7139',1),
(45,'Bitwarden','bitwarden','跨平台、可自部署的密码管理器','https://bitwarden.com','https://github.com/bitwarden/clients',15000,2000,'GPL-3.0','C#','#175ddc',1),
(46,'Vaultwarden','vaultwarden','用 Rust 实现的轻量 Bitwarden 服务端','https://github.com/dani-garcia/vaultwarden','https://github.com/dani-garcia/vaultwarden',36000,1700,'AGPL-3.0','Rust','#ffffff',0),
(47,'KeePassXC','keepassxc','安全、跨平台的本地密码管理器','https://keepassxc.org','https://github.com/keepassxreboot/keepassxc',19000,1400,'GPL-3.0','C++','#6cac4d',0),
(48,'OBS Studio','obs-studio','直播与录屏领域的开源标杆软件','https://obsproject.com','https://github.com/obsproject/obs-studio',57000,7700,'GPL-2.0','C++','#302e31',1),
(49,'Screenity','screenity','浏览器内的免费屏幕录制与标注扩展','https://screenity.io','https://github.com/alyssaxuu/screenity',11000,1000,'MIT','JavaScript','#1e69ff',0),
(50,'Flameshot','flameshot','强大且易用的截图与标注工具','https://flameshot.org','https://github.com/flameshot-org/flameshot',23000,1500,'GPL-3.0','C++','#ff3b00',0),
(51,'ShareX','sharex','Windows 上功能全面的截图与录屏分享工具','https://getsharex.com','https://github.com/ShareX/ShareX',28000,3000,'GPL-3.0','C#','#2c2c2c',0),
(52,'Spectacle','spectacle','KDE 出品的桌面截图捕获工具','https://apps.kde.org/spectacle','https://invent.kde.org/graphics/spectacle',0,0,'GPL-2.0','C++','#3daee9',0),
(53,'n8n','n8n','面向技术用户、可自部署的工作流自动化平台','https://n8n.io','https://github.com/n8n-io/n8n',47000,5500,'Sustainable Use License','TypeScript','#ff6d5a',1),
(54,'Huginn','huginn','用于构建代理、自动化任务的系统','https://github.com/huginn/huginn','https://github.com/huginn/huginn',43000,3800,'MIT','Ruby','#2e6cb0',0),
(55,'Activepieces','activepieces','对开发者友好的开源自动化集成平台','https://www.activepieces.com','https://github.com/activepieces/activepieces',9000,1000,'MIT','TypeScript','#5b5bd6',0),
(56,'Audacity','audacity','久负盛名的跨平台音频录制与编辑器','https://audacityteam.org','https://github.com/audacity/audacity',12000,2200,'GPL-2.0','C++','#0000ff',1),
(57,'Ardour','ardour','专业的数字音频工作站（DAW）','https://ardour.org','https://github.com/Ardour/ardour',3000,400,'GPL-2.0','C++','#bf9000',0),
(58,'LMMS','lmms','免费、跨平台的音乐制作工作站','https://lmms.io','https://github.com/LMMS/lmms',7000,1000,'GPL-2.0','C++','#10b146',0),
(59,'Kdenlive','kdenlive','功能强大的多轨开源视频编辑器','https://kdenlive.org','https://invent.kde.org/multimedia/kdenlive',2400,0,'GPL-3.0','C++','#3c9ac3',1),
(60,'Shotcut','shotcut','跨平台、支持多种格式的开源视频编辑器','https://shotcut.org','https://github.com/mltframework/shotcut',11000,1500,'GPL-3.0','C++','#7e3992',0),
(61,'OpenShot','openshot','简单易用的跨平台视频编辑器','https://www.openshot.org','https://github.com/OpenShot/openshot-qt',3000,400,'GPL-3.0','Python','#16a085',0),
(62,'Olive','olive','面向非线性编辑、快速成长的开源视频编辑器','https://olivevideoeditor.org','https://github.com/olive-editor/olive',8100,600,'GPL-3.0','C++','#94e000',0),
(63,'LibreOffice','libreoffice','完整、成熟的免费办公套件','https://www.libreoffice.org','https://gerrit.libreoffice.org',0,0,'MPL-2.0','C++','#18a303',1),
(64,'OnlyOffice','onlyoffice','功能强大的文档、表格与演示编辑器','https://www.onlyoffice.com','https://github.com/ONLYOFFICE',5000,1000,'AGPL-3.0','C++','#ff6f3c',0),
(65,'CryptPad','cryptpad','端到端加密的协作办公套件','https://cryptpad.org','https://github.com/cryptpad/cryptpad',5500,600,'AGPL-3.0','JavaScript','#0087ff',0),
(66,'Etherpad','etherpad','高度可定制的实时协作文本编辑器','https://etherpad.org','https://github.com/ether/etherpad-lite',16000,2600,'Apache-2.0','JavaScript','#ffffff',0);

-- ============ 商业软件（被替代对象） ============
INSERT INTO alternatives (id, name, slug, tagline, description, website, color, category_id) VALUES
(1,'Notion','notion','一体化工作空间','集笔记、文档、数据库与协作于一体的全能工作空间。','https://notion.so','#000000',1),
(2,'Evernote','evernote','笔记应用','老牌的跨平台笔记与资料整理应用。','https://evernote.com','#00a82d',1),
(3,'Obsidian','obsidian','知识图谱笔记','基于本地 Markdown 的双向链接知识库。','https://obsidian.md','#7c3aed',1),
(4,'Apple Notes','apple-notes','系统便签','macOS/iOS 内置的笔记应用。','https://www.apple.com/notes','#ffd60a',1),
(5,'Google Keep','google-keep','速记便签','谷歌出品的轻量级彩色便签应用。','https://keep.google.com','#fbbc04',1),
(6,'Figma','figma','协作设计平台','基于浏览器的实时协作界面设计工具。','https://figma.com','#a259ff',2),
(7,'Adobe XD','adobe-xd','UI/UX 设计','Adobe 推出的体验设计与原型工具。','https://www.adobe.com/products/xd','#ff61f6',2),
(8,'Sketch','sketch','矢量设计','macOS 上的界面设计与原型工具。','https://www.sketch.com','#f7b500',2),
(9,'Photoshop','photoshop','图像编辑','行业标准的专业图像处理软件。','https://www.adobe.com/products/photoshop','#31a8ff',2),
(10,'Illustrator','illustrator','矢量绘图','专业的矢量图形与插画设计软件。','https://www.adobe.com/products/illustrator','#ff9a00',2),
(11,'Affinity Photo','affinity-photo','照片修图','高性能、免订阅的专业照片编辑器。','https://affinity.serif.com/photo','#e9682b',2),
(12,'VS Code','vscode','代码编辑器','微软出品的免费跨平台代码编辑器。','https://code.visualstudio.com','#007acc',3),
(13,'IntelliJ IDEA','intellij-idea','Java IDE','JetBrains 旗舰级智能 Java 集成开发环境。','https://www.jetbrains.com/idea','#fe2a2e',3),
(14,'Sublime Text','sublime-text','代码编辑器','极速、流畅的跨平台文本编辑器。','https://www.sublimetext.com','#ff9e3d',3),
(15,'Slack','slack','团队协作','面向团队的频道式即时通讯平台。','https://slack.com','#611f69',4),
(16,'Discord','discord','社区语音','面向社区与玩家的语音、视频与文字聊天平台。','https://discord.com','#5865f2',4),
(17,'Microsoft Teams','microsoft-teams','办公协作','微软 365 中的团队会议与协作中心。','https://www.microsoft.com/teams','#6264a7',4),
(18,'Zoom','zoom','视频会议','广受欢迎的视频会议与网络研讨会平台。','https://zoom.us','#2d8cff',4),
(19,'Skype','skype','网络通话','老牌的网络语音与视频通话应用。','https://www.skype.com','#00aff0',4),
(20,'Google Drive','google-drive','云存储网盘','谷歌提供的云存储与文件协作服务。','https://drive.google.com','#1fa463',5),
(21,'Dropbox','dropbox','文件同步','云存储与文件同步领域的先驱。','https://www.dropbox.com','#0061ff',5),
(22,'OneDrive','onedrive','微软网盘','微软的云存储与 Office 集成服务。','https://onedrive.live.com','#0078d4',5),
(23,'iCloud','icloud','苹果云服务','苹果生态的云存储与同步服务。','https://www.icloud.com','#3693f3',5),
(24,'Trello','trello','看板工具','直观的看板式项目管理工具。','https://trello.com','#0079bf',6),
(25,'Asana','asana','项目协作','团队任务与项目跟踪平台。','https://asana.com','#f06a6a',6),
(26,'Jira','jira','敏捷追踪','面向软件团队的问题与项目跟踪工具。','https://www.atlassian.com/jira','#0052cc',6),
(27,'Monday.com','monday','工作管理','可视化的工作操作系统。','https://monday.com','#ff3d57',6),
(28,'ClickUp','clickup','生产力平台','一个应用替代所有生产力工具的平台。','https://clickup.com','#7b68ee',6),
(29,'Google Analytics','google-analytics','网站分析','使用最广泛的网站流量分析服务。','https://analytics.google.com','#e37400',7),
(30,'Mixpanel','mixpanel','产品分析','以事件为核心的产品行为分析平台。','https://mixpanel.com','#7856ff',7),
(31,'Amplitude','amplitude','行为分析','深度用户行为与产品分析平台。','https://amplitude.com','#1e61f0',7),
(32,'Navicat','navicat','数据库管理','流行的多数据库管理与开发工具。','https://navicat.com','#003366',8),
(33,'DataGrip','datagrip','SQL IDE','JetBrains 出品的数据库 IDE。','https://www.jetbrains.com/datagrip','#fe2a2e',8),
(34,'Google Chrome','google-chrome','网页浏览器','全球使用率最高的浏览器。','https://www.google.com/chrome','#4285f4',9),
(35,'Microsoft Edge','microsoft-edge','网页浏览器','基于 Chromium 的微软新一代浏览器。','https://www.microsoft.com/edge','#0078d7',9),
(36,'Safari','safari','网页浏览器','苹果系统的默认浏览器。','https://www.apple.com/safari','#1b88ca',9),
(37,'1Password','1password','密码管理','体验出色的跨平台密码管家。','https://1password.com','#0572ec',10),
(38,'LastPass','lastpass','密码管理','老牌的在线密码管理服务。','https://www.lastpass.com','#d32d27',10),
(39,'Dashlane','dashlane','密码管理','注重体验的密码与身份管理器。','https://www.dashlane.com','#0e7eb0',10),
(40,'Loom','loom','异步视频','录制并分享屏幕视频的异步沟通工具。','https://www.loom.com','#625df5',11),
(41,'Camtasia','camtasia','录屏剪辑','屏幕录制与视频编辑一体化软件。','https://www.techsmith.com/camtasia','#d6299c',11),
(42,'CleanShot X','cleanshot-x','截图工具','macOS 上优雅的截图录屏工具。','https://cleanshot.com','#0a0a0a',11),
(43,'Zapier','zapier','自动化集成','连接数千款应用的工作流自动化平台。','https://zapier.com','#ff4f00',12),
(44,'IFTTT','ifttt','条件自动化','「如果这样就那样」的自动化服务。','https://ifttt.com','#000000',12),
(45,'Make','make','可视化自动化','前身 Integromat 的可视化集成平台。','https://www.make.com','#6d00cc',12),
(46,'Adobe Audition','adobe-audition','音频编辑','专业的音频录制、混音与编辑软件。','https://www.adobe.com/products/audition','#00e1ff',13),
(47,'Logic Pro','logic-pro','音乐制作','苹果出品的专业音乐制作工作站。','https://www.apple.com/logic-pro','#ff375f',13),
(48,'Ableton Live','ableton-live','音乐制作','深受电子音乐人喜爱的现场演奏 DAW。','https://www.ableton.com','#000000',13),
(49,'Adobe Premiere Pro','adobe-premiere-pro','视频剪辑','行业领先的专业视频剪辑软件。','https://www.adobe.com/products/premiere','#9999ff',14),
(50,'Final Cut Pro','final-cut-pro','视频剪辑','苹果平台的专业视频剪辑软件。','https://www.apple.com/final-cut-pro','#9a7eff',14),
(51,'CapCut','capcut','视频剪辑','字节跳动出品的易用短视频剪辑应用。','https://www.capcut.com','#000000',14),
(52,'Microsoft Office','microsoft-office','办公套件','Word、Excel、PowerPoint 组成的办公套件。','https://www.microsoft.com/microsoft-365','#d83b01',15),
(53,'Google Docs','google-docs','在线文档','谷歌的实时协作文档编辑服务。','https://docs.google.com','#4285f4',15),
(54,'Microsoft Word','microsoft-word','文字处理','全球最流行的文字处理软件。','https://www.microsoft.com/word','#2b579a',15);

-- ============ 映射关系 ============
INSERT INTO alternative_tool (alternative_id, tool_id) VALUES
(1,1),(1,2),(1,3),(1,4),
(2,5),(2,6),(2,7),
(3,2),(3,3),(3,5),
(4,5),(4,6),(4,4),
(5,5),(5,6),
(6,8),
(7,8),
(8,8),
(9,9),(9,10),(9,11),
(10,12),
(11,9),(11,10),
(12,13),(12,14),
(13,15),(13,16),
(14,17),(14,13),
(15,18),(15,19),(15,20),(15,21),
(16,22),(16,19),
(17,18),(17,19),(17,20),
(18,23),(18,24),
(19,25),(19,23),
(20,26),(20,27),(20,28),
(21,26),(21,29),(21,27),
(22,26),(22,27),
(23,26),
(24,30),(24,31),(24,32),(24,33),(24,34),
(25,33),(25,30),(25,34),(25,36),
(26,33),(26,34),(26,35),(26,30),
(27,33),(27,34),
(28,36),(28,30),
(29,37),(29,38),(29,39),(29,40),
(30,40),(30,37),
(31,40),
(32,41),(32,42),
(33,41),(33,42),
(34,43),(34,44),
(35,44),(35,43),
(36,44),(36,43),
(37,45),(37,46),(37,47),
(38,45),(38,47),
(39,45),(39,47),
(40,48),(40,49),(40,50),
(41,48),(41,59),
(42,50),(42,51),(42,52),
(43,53),(43,54),(43,55),
(44,53),(44,54),
(45,53),(45,55),
(46,56),(46,57),
(47,57),(47,58),
(48,58),(48,57),
(49,59),(49,60),(49,61),(49,62),
(50,59),(50,60),
(51,61),(51,60),
(52,63),(52,64),
(53,65),(53,64),(53,66),
(54,63);
